{"cameraMode":{"drawMode":0,"name":"Shaded","section":"Shading Mode"},"sceneLighting":true,"audioPlay":false,"sceneViewState":{"showFog":true,"showMaterialUpdate":true,"showSkybox":true,"showFlares":true,"showImageEffects":true,"showParticleSystems":true},"in2DMode":false,"pivot":{"x":-0.12285570800304413,"y":1.9570815563201905,"z":15.834762573242188},"rotation":{"x":0.04579306021332741,"y":-0.6224619746208191,"z":0.036353569477796558,"w":0.7805246710777283},"size":19.836538314819337,"orthographic":true}