{"cameraMode":{"drawMode":0,"name":"Shaded","section":"Shading Mode"},"sceneLighting":true,"audioPlay":false,"sceneViewState":{"showFog":true,"showMaterialUpdate":true,"showSkybox":true,"showFlares":true,"showImageEffects":true,"showParticleSystems":true},"in2DMode":false,"pivot":{"x":0.06596708297729492,"y":-0.008139138109982014,"z":5.844732284545898},"rotation":{"x":-0.0628184825181961,"y":-0.7752988934516907,"z":0.07823607325553894,"w":-0.6236500144004822},"size":10.32845687866211,"orthographic":true}