{"cameraMode":{"drawMode":0,"name":"Shaded","section":"Shading Mode"},"sceneLighting":false,"audioPlay":false,"sceneViewState":{"showFog":true,"showMaterialUpdate":true,"showSkybox":false,"showFlares":true,"showImageEffects":true,"showParticleSystems":true},"in2DMode":false,"pivot":{"x":18.5096492767334,"y":7.030000686645508,"z":-23.252334594726564},"rotation":{"x":0.016956310719251634,"y":-0.7113816142082214,"z":0.016982369124889375,"w":0.7024642825126648},"size":6.396535873413086,"orthographic":true}